{"cameraMode":{"drawMode":0,"name":"Shaded","section":"Shading Mode"},"sceneLighting":false,"audioPlay":false,"sceneViewState":{"m_AlwaysRefresh":false,"showFog":true,"showSkybox":false,"showFlares":true,"showImageEffects":true,"showParticleSystems":true,"showVisualEffectGraphs":true,"m_FxEnabled":false},"in2DMode":false,"pivot":{"x":11.924962043762207,"y":1.0901930332183838,"z":13.391697883605957},"rotation":{"x":-0.0373135581612587,"y":0.15979626774787904,"z":-0.006048661191016436,"w":-0.9864441752433777},"size":1.1489123106002808,"orthographic":false}